ICAO,All,Vis edit,VIS edit rate,CIG edit,CIG edit rate,WNDSPD edit,WNDSPD edit rate,WDIR edit,WDIR edit rate,WX edit,WX edit rate
RJOC,2190,647,0.2954337899543379,996,0.4547945205479452,1842,0.8410958904109589,1342,0.6127853881278539,643,0.29360730593607304
